"","subj.id","condition","trial","order","order2","subject_name","age","sex","z.age","z.trial","z.order","condition.dummy","order.dummy","condition.c","order.c","correct"
"1","subj.1","control",1,"test_first",2,"Akela",31,"Female",1.14894852825888,-1.59117911045189,0.998697067850574,0,1,-0.5,0.5,0
"2","subj.2","control",1,"test_first",2,"AliKaka",20,"Male",-0.536175979854142,-1.59117911045189,0.998697067850574,0,1,-0.5,0.5,0
"3","subj.3","control",1,"control_first",1,"Nyankuru",29,"Male",0.842562254056509,-1.59117911045189,-0.998697067850574,0,0,-0.5,-0.5,1
"4","subj.4","control",1,"test_first",2,"Roy",12,"Male",-1.76172107666361,-1.59117911045189,0.998697067850574,0,1,-0.5,0.5,1
"5","subj.5","control",1,"control_first",1,"Tess",27,"Female",0.536175979854142,-1.59117911045189,-0.998697067850574,0,0,-0.5,-0.5,0
"6","subj.6","control",1,"test_first",2,"Uruhara",30,"Male",0.995755391157692,-1.59117911045189,0.998697067850574,0,1,-0.5,0.5,0
"7","subj.7","control",1,"control_first",1,"William",19,"Male",-0.689369116955325,-1.59117911045189,-0.998697067850574,0,0,-0.5,-0.5,0
"8","subj.8","control",1,"test_first",2,"Akela",31,"Female",1.14894852825888,-1.59117911045189,0.998697067850574,0,1,-0.5,0.5,1
"9","subj.9","control",1,"control_first",1,"Mary",15,"Female",-1.30214166536006,-1.59117911045189,-0.998697067850574,0,0,-0.5,-0.5,0
"10","subj.10","control",1,"control_first",1,"Amizero",30,"Female",0.995755391157692,-1.59117911045189,-0.998697067850574,0,0,-0.5,-0.5,0
"11","subj.11","control",1,"test_first",2,"Bahati",26,"Female",0.382982842752958,-1.59117911045189,0.998697067850574,0,1,-0.5,0.5,0
"12","subj.12","control",1,"control_first",1,"Chipie",28,"Female",0.689369116955325,-1.59117911045189,-0.998697067850574,0,0,-0.5,-0.5,0
"13","subj.13","control",1,"test_first",2,"Amahirwe",20,"Male",-0.536175979854142,-1.59117911045189,0.998697067850574,0,1,-0.5,0.5,1
"14","subj.14","control",1,"control_first",1,"Dufa",28,"Female",0.689369116955325,-1.59117911045189,-0.998697067850574,0,0,-0.5,-0.5,0
"15","subj.15","control",1,"test_first",2,"Jane",15,"Female",-1.30214166536006,-1.59117911045189,0.998697067850574,0,1,-0.5,0.5,1
"16","subj.16","control",1,"control_first",1,"Joy",15,"Female",-1.30214166536006,-1.59117911045189,-0.998697067850574,0,0,-0.5,-0.5,1
"17","subj.1","test",1,"test_first",1,"Akela",31,"Female",1.14894852825888,-1.59117911045189,-0.998697067850574,1,1,0.5,0.5,0
"18","subj.2","test",1,"test_first",1,"AliKaka",20,"Male",-0.536175979854142,-1.59117911045189,-0.998697067850574,1,1,0.5,0.5,1
"19","subj.3","test",1,"control_first",2,"Nyankuru",29,"Male",0.842562254056509,-1.59117911045189,0.998697067850574,1,0,0.5,-0.5,1
"20","subj.4","test",1,"test_first",1,"Roy",12,"Male",-1.76172107666361,-1.59117911045189,-0.998697067850574,1,1,0.5,0.5,1
"21","subj.5","test",1,"control_first",2,"Tess",27,"Female",0.536175979854142,-1.59117911045189,0.998697067850574,1,0,0.5,-0.5,1
"22","subj.6","test",1,"test_first",1,"Uruhara",30,"Male",0.995755391157692,-1.59117911045189,-0.998697067850574,1,1,0.5,0.5,0
"23","subj.7","test",1,"control_first",2,"William",19,"Male",-0.689369116955325,-1.59117911045189,0.998697067850574,1,0,0.5,-0.5,0
"24","subj.8","test",1,"test_first",1,"Akela",31,"Female",1.14894852825888,-1.59117911045189,-0.998697067850574,1,1,0.5,0.5,1
"25","subj.9","test",1,"control_first",2,"Mary",15,"Female",-1.30214166536006,-1.59117911045189,0.998697067850574,1,0,0.5,-0.5,0
"26","subj.10","test",1,"control_first",2,"Amizero",30,"Female",0.995755391157692,-1.59117911045189,0.998697067850574,1,0,0.5,-0.5,1
"27","subj.11","test",1,"test_first",1,"Bahati",26,"Female",0.382982842752958,-1.59117911045189,-0.998697067850574,1,1,0.5,0.5,1
"28","subj.12","test",1,"control_first",2,"Chipie",28,"Female",0.689369116955325,-1.59117911045189,0.998697067850574,1,0,0.5,-0.5,1
"29","subj.13","test",1,"test_first",1,"Amahirwe",20,"Male",-0.536175979854142,-1.59117911045189,-0.998697067850574,1,1,0.5,0.5,0
"30","subj.14","test",1,"control_first",2,"Dufa",28,"Female",0.689369116955325,-1.59117911045189,0.998697067850574,1,0,0.5,-0.5,1
"31","subj.15","test",1,"test_first",1,"Jane",15,"Female",-1.30214166536006,-1.59117911045189,-0.998697067850574,1,1,0.5,0.5,1
"32","subj.16","test",1,"control_first",2,"Joy",15,"Female",-1.30214166536006,-1.59117911045189,0.998697067850574,1,0,0.5,-0.5,0
"33","subj.1","control",2,"test_first",2,"Akela",31,"Female",1.14894852825888,-1.30187381764245,0.998697067850574,0,1,-0.5,0.5,0
"34","subj.2","control",2,"test_first",2,"AliKaka",20,"Male",-0.536175979854142,-1.30187381764245,0.998697067850574,0,1,-0.5,0.5,0
"35","subj.3","control",2,"control_first",1,"Nyankuru",29,"Male",0.842562254056509,-1.30187381764245,-0.998697067850574,0,0,-0.5,-0.5,0
"36","subj.4","control",2,"test_first",2,"Roy",12,"Male",-1.76172107666361,-1.30187381764245,0.998697067850574,0,1,-0.5,0.5,0
"37","subj.5","control",2,"control_first",1,"Tess",27,"Female",0.536175979854142,-1.30187381764245,-0.998697067850574,0,0,-0.5,-0.5,0
"38","subj.6","control",2,"test_first",2,"Uruhara",30,"Male",0.995755391157692,-1.30187381764245,0.998697067850574,0,1,-0.5,0.5,0
"39","subj.7","control",2,"control_first",1,"William",19,"Male",-0.689369116955325,-1.30187381764245,-0.998697067850574,0,0,-0.5,-0.5,1
"40","subj.8","control",2,"test_first",2,"Akela",31,"Female",1.14894852825888,-1.30187381764245,0.998697067850574,0,1,-0.5,0.5,1
"41","subj.9","control",2,"control_first",1,"Mary",15,"Female",-1.30214166536006,-1.30187381764245,-0.998697067850574,0,0,-0.5,-0.5,0
"42","subj.10","control",2,"control_first",1,"Amizero",30,"Female",0.995755391157692,-1.30187381764245,-0.998697067850574,0,0,-0.5,-0.5,0
"43","subj.11","control",2,"test_first",2,"Bahati",26,"Female",0.382982842752958,-1.30187381764245,0.998697067850574,0,1,-0.5,0.5,1
"44","subj.12","control",2,"control_first",1,"Chipie",28,"Female",0.689369116955325,-1.30187381764245,-0.998697067850574,0,0,-0.5,-0.5,0
"45","subj.13","control",2,"test_first",2,"Amahirwe",20,"Male",-0.536175979854142,-1.30187381764245,0.998697067850574,0,1,-0.5,0.5,1
"46","subj.14","control",2,"control_first",1,"Dufa",28,"Female",0.689369116955325,-1.30187381764245,-0.998697067850574,0,0,-0.5,-0.5,0
"47","subj.15","control",2,"test_first",2,"Jane",15,"Female",-1.30214166536006,-1.30187381764245,0.998697067850574,0,1,-0.5,0.5,0
"48","subj.16","control",2,"control_first",1,"Joy",15,"Female",-1.30214166536006,-1.30187381764245,-0.998697067850574,0,0,-0.5,-0.5,0
"49","subj.1","test",2,"test_first",1,"Akela",31,"Female",1.14894852825888,-1.30187381764245,-0.998697067850574,1,1,0.5,0.5,1
"50","subj.2","test",2,"test_first",1,"AliKaka",20,"Male",-0.536175979854142,-1.30187381764245,-0.998697067850574,1,1,0.5,0.5,1
"51","subj.3","test",2,"control_first",2,"Nyankuru",29,"Male",0.842562254056509,-1.30187381764245,0.998697067850574,1,0,0.5,-0.5,1
"52","subj.4","test",2,"test_first",1,"Roy",12,"Male",-1.76172107666361,-1.30187381764245,-0.998697067850574,1,1,0.5,0.5,0
"53","subj.5","test",2,"control_first",2,"Tess",27,"Female",0.536175979854142,-1.30187381764245,0.998697067850574,1,0,0.5,-0.5,0
"54","subj.6","test",2,"test_first",1,"Uruhara",30,"Male",0.995755391157692,-1.30187381764245,-0.998697067850574,1,1,0.5,0.5,1
"55","subj.7","test",2,"control_first",2,"William",19,"Male",-0.689369116955325,-1.30187381764245,0.998697067850574,1,0,0.5,-0.5,1
"56","subj.8","test",2,"test_first",1,"Akela",31,"Female",1.14894852825888,-1.30187381764245,-0.998697067850574,1,1,0.5,0.5,1
"57","subj.9","test",2,"control_first",2,"Mary",15,"Female",-1.30214166536006,-1.30187381764245,0.998697067850574,1,0,0.5,-0.5,1
"58","subj.10","test",2,"control_first",2,"Amizero",30,"Female",0.995755391157692,-1.30187381764245,0.998697067850574,1,0,0.5,-0.5,1
"59","subj.11","test",2,"test_first",1,"Bahati",26,"Female",0.382982842752958,-1.30187381764245,-0.998697067850574,1,1,0.5,0.5,1
"60","subj.12","test",2,"control_first",2,"Chipie",28,"Female",0.689369116955325,-1.30187381764245,0.998697067850574,1,0,0.5,-0.5,1
"61","subj.13","test",2,"test_first",1,"Amahirwe",20,"Male",-0.536175979854142,-1.30187381764245,-0.998697067850574,1,1,0.5,0.5,1
"62","subj.14","test",2,"control_first",2,"Dufa",28,"Female",0.689369116955325,-1.30187381764245,0.998697067850574,1,0,0.5,-0.5,1
"63","subj.15","test",2,"test_first",1,"Jane",15,"Female",-1.30214166536006,-1.30187381764245,-0.998697067850574,1,1,0.5,0.5,1
"64","subj.16","test",2,"control_first",2,"Joy",15,"Female",-1.30214166536006,-1.30187381764245,0.998697067850574,1,0,0.5,-0.5,0
"65","subj.1","control",3,"test_first",2,"Akela",31,"Female",1.14894852825888,-1.01256852483302,0.998697067850574,0,1,-0.5,0.5,0
"66","subj.2","control",3,"test_first",2,"AliKaka",20,"Male",-0.536175979854142,-1.01256852483302,0.998697067850574,0,1,-0.5,0.5,1
"67","subj.3","control",3,"control_first",1,"Nyankuru",29,"Male",0.842562254056509,-1.01256852483302,-0.998697067850574,0,0,-0.5,-0.5,0
"68","subj.4","control",3,"test_first",2,"Roy",12,"Male",-1.76172107666361,-1.01256852483302,0.998697067850574,0,1,-0.5,0.5,1
"69","subj.5","control",3,"control_first",1,"Tess",27,"Female",0.536175979854142,-1.01256852483302,-0.998697067850574,0,0,-0.5,-0.5,1
"70","subj.6","control",3,"test_first",2,"Uruhara",30,"Male",0.995755391157692,-1.01256852483302,0.998697067850574,0,1,-0.5,0.5,0
"71","subj.7","control",3,"control_first",1,"William",19,"Male",-0.689369116955325,-1.01256852483302,-0.998697067850574,0,0,-0.5,-0.5,0
"72","subj.8","control",3,"test_first",2,"Akela",31,"Female",1.14894852825888,-1.01256852483302,0.998697067850574,0,1,-0.5,0.5,0
"73","subj.9","control",3,"control_first",1,"Mary",15,"Female",-1.30214166536006,-1.01256852483302,-0.998697067850574,0,0,-0.5,-0.5,1
"74","subj.10","control",3,"control_first",1,"Amizero",30,"Female",0.995755391157692,-1.01256852483302,-0.998697067850574,0,0,-0.5,-0.5,0
"75","subj.11","control",3,"test_first",2,"Bahati",26,"Female",0.382982842752958,-1.01256852483302,0.998697067850574,0,1,-0.5,0.5,0
"76","subj.12","control",3,"control_first",1,"Chipie",28,"Female",0.689369116955325,-1.01256852483302,-0.998697067850574,0,0,-0.5,-0.5,1
"77","subj.13","control",3,"test_first",2,"Amahirwe",20,"Male",-0.536175979854142,-1.01256852483302,0.998697067850574,0,1,-0.5,0.5,1
"78","subj.14","control",3,"control_first",1,"Dufa",28,"Female",0.689369116955325,-1.01256852483302,-0.998697067850574,0,0,-0.5,-0.5,0
"79","subj.15","control",3,"test_first",2,"Jane",15,"Female",-1.30214166536006,-1.01256852483302,0.998697067850574,0,1,-0.5,0.5,0
"80","subj.16","control",3,"control_first",1,"Joy",15,"Female",-1.30214166536006,-1.01256852483302,-0.998697067850574,0,0,-0.5,-0.5,1
"81","subj.1","test",3,"test_first",1,"Akela",31,"Female",1.14894852825888,-1.01256852483302,-0.998697067850574,1,1,0.5,0.5,1
"82","subj.2","test",3,"test_first",1,"AliKaka",20,"Male",-0.536175979854142,-1.01256852483302,-0.998697067850574,1,1,0.5,0.5,0
"83","subj.3","test",3,"control_first",2,"Nyankuru",29,"Male",0.842562254056509,-1.01256852483302,0.998697067850574,1,0,0.5,-0.5,0
"84","subj.4","test",3,"test_first",1,"Roy",12,"Male",-1.76172107666361,-1.01256852483302,-0.998697067850574,1,1,0.5,0.5,0
"85","subj.5","test",3,"control_first",2,"Tess",27,"Female",0.536175979854142,-1.01256852483302,0.998697067850574,1,0,0.5,-0.5,0
"86","subj.6","test",3,"test_first",1,"Uruhara",30,"Male",0.995755391157692,-1.01256852483302,-0.998697067850574,1,1,0.5,0.5,0
"87","subj.7","test",3,"control_first",2,"William",19,"Male",-0.689369116955325,-1.01256852483302,0.998697067850574,1,0,0.5,-0.5,1
"88","subj.8","test",3,"test_first",1,"Akela",31,"Female",1.14894852825888,-1.01256852483302,-0.998697067850574,1,1,0.5,0.5,1
"89","subj.9","test",3,"control_first",2,"Mary",15,"Female",-1.30214166536006,-1.01256852483302,0.998697067850574,1,0,0.5,-0.5,0
"90","subj.10","test",3,"control_first",2,"Amizero",30,"Female",0.995755391157692,-1.01256852483302,0.998697067850574,1,0,0.5,-0.5,1
"91","subj.11","test",3,"test_first",1,"Bahati",26,"Female",0.382982842752958,-1.01256852483302,-0.998697067850574,1,1,0.5,0.5,0
"92","subj.12","test",3,"control_first",2,"Chipie",28,"Female",0.689369116955325,-1.01256852483302,0.998697067850574,1,0,0.5,-0.5,1
"93","subj.13","test",3,"test_first",1,"Amahirwe",20,"Male",-0.536175979854142,-1.01256852483302,-0.998697067850574,1,1,0.5,0.5,0
"94","subj.14","test",3,"control_first",2,"Dufa",28,"Female",0.689369116955325,-1.01256852483302,0.998697067850574,1,0,0.5,-0.5,1
"95","subj.15","test",3,"test_first",1,"Jane",15,"Female",-1.30214166536006,-1.01256852483302,-0.998697067850574,1,1,0.5,0.5,0
"96","subj.16","test",3,"control_first",2,"Joy",15,"Female",-1.30214166536006,-1.01256852483302,0.998697067850574,1,0,0.5,-0.5,0
"97","subj.1","control",4,"test_first",2,"Akela",31,"Female",1.14894852825888,-0.723263232023585,0.998697067850574,0,1,-0.5,0.5,0
"98","subj.2","control",4,"test_first",2,"AliKaka",20,"Male",-0.536175979854142,-0.723263232023585,0.998697067850574,0,1,-0.5,0.5,1
"99","subj.3","control",4,"control_first",1,"Nyankuru",29,"Male",0.842562254056509,-0.723263232023585,-0.998697067850574,0,0,-0.5,-0.5,0
"100","subj.4","control",4,"test_first",2,"Roy",12,"Male",-1.76172107666361,-0.723263232023585,0.998697067850574,0,1,-0.5,0.5,1
"101","subj.5","control",4,"control_first",1,"Tess",27,"Female",0.536175979854142,-0.723263232023585,-0.998697067850574,0,0,-0.5,-0.5,0
"102","subj.6","control",4,"test_first",2,"Uruhara",30,"Male",0.995755391157692,-0.723263232023585,0.998697067850574,0,1,-0.5,0.5,1
"103","subj.7","control",4,"control_first",1,"William",19,"Male",-0.689369116955325,-0.723263232023585,-0.998697067850574,0,0,-0.5,-0.5,0
"104","subj.8","control",4,"test_first",2,"Akela",31,"Female",1.14894852825888,-0.723263232023585,0.998697067850574,0,1,-0.5,0.5,1
"105","subj.9","control",4,"control_first",1,"Mary",15,"Female",-1.30214166536006,-0.723263232023585,-0.998697067850574,0,0,-0.5,-0.5,0
"106","subj.10","control",4,"control_first",1,"Amizero",30,"Female",0.995755391157692,-0.723263232023585,-0.998697067850574,0,0,-0.5,-0.5,0
"107","subj.11","control",4,"test_first",2,"Bahati",26,"Female",0.382982842752958,-0.723263232023585,0.998697067850574,0,1,-0.5,0.5,0
"108","subj.12","control",4,"control_first",1,"Chipie",28,"Female",0.689369116955325,-0.723263232023585,-0.998697067850574,0,0,-0.5,-0.5,0
"109","subj.13","control",4,"test_first",2,"Amahirwe",20,"Male",-0.536175979854142,-0.723263232023585,0.998697067850574,0,1,-0.5,0.5,0
"110","subj.14","control",4,"control_first",1,"Dufa",28,"Female",0.689369116955325,-0.723263232023585,-0.998697067850574,0,0,-0.5,-0.5,0
"111","subj.15","control",4,"test_first",2,"Jane",15,"Female",-1.30214166536006,-0.723263232023585,0.998697067850574,0,1,-0.5,0.5,0
"112","subj.16","control",4,"control_first",1,"Joy",15,"Female",-1.30214166536006,-0.723263232023585,-0.998697067850574,0,0,-0.5,-0.5,0
"113","subj.1","test",4,"test_first",1,"Akela",31,"Female",1.14894852825888,-0.723263232023585,-0.998697067850574,1,1,0.5,0.5,0
"114","subj.2","test",4,"test_first",1,"AliKaka",20,"Male",-0.536175979854142,-0.723263232023585,-0.998697067850574,1,1,0.5,0.5,0
"115","subj.3","test",4,"control_first",2,"Nyankuru",29,"Male",0.842562254056509,-0.723263232023585,0.998697067850574,1,0,0.5,-0.5,0
"116","subj.4","test",4,"test_first",1,"Roy",12,"Male",-1.76172107666361,-0.723263232023585,-0.998697067850574,1,1,0.5,0.5,1
"117","subj.5","test",4,"control_first",2,"Tess",27,"Female",0.536175979854142,-0.723263232023585,0.998697067850574,1,0,0.5,-0.5,1
"118","subj.6","test",4,"test_first",1,"Uruhara",30,"Male",0.995755391157692,-0.723263232023585,-0.998697067850574,1,1,0.5,0.5,1
"119","subj.7","test",4,"control_first",2,"William",19,"Male",-0.689369116955325,-0.723263232023585,0.998697067850574,1,0,0.5,-0.5,1
"120","subj.8","test",4,"test_first",1,"Akela",31,"Female",1.14894852825888,-0.723263232023585,-0.998697067850574,1,1,0.5,0.5,1
"121","subj.9","test",4,"control_first",2,"Mary",15,"Female",-1.30214166536006,-0.723263232023585,0.998697067850574,1,0,0.5,-0.5,0
"122","subj.10","test",4,"control_first",2,"Amizero",30,"Female",0.995755391157692,-0.723263232023585,0.998697067850574,1,0,0.5,-0.5,0
"123","subj.11","test",4,"test_first",1,"Bahati",26,"Female",0.382982842752958,-0.723263232023585,-0.998697067850574,1,1,0.5,0.5,0
"124","subj.12","test",4,"control_first",2,"Chipie",28,"Female",0.689369116955325,-0.723263232023585,0.998697067850574,1,0,0.5,-0.5,1
"125","subj.13","test",4,"test_first",1,"Amahirwe",20,"Male",-0.536175979854142,-0.723263232023585,-0.998697067850574,1,1,0.5,0.5,1
"126","subj.14","test",4,"control_first",2,"Dufa",28,"Female",0.689369116955325,-0.723263232023585,0.998697067850574,1,0,0.5,-0.5,1
"127","subj.15","test",4,"test_first",1,"Jane",15,"Female",-1.30214166536006,-0.723263232023585,-0.998697067850574,1,1,0.5,0.5,1
"128","subj.16","test",4,"control_first",2,"Joy",15,"Female",-1.30214166536006,-0.723263232023585,0.998697067850574,1,0,0.5,-0.5,0
"129","subj.1","control",5,"test_first",2,"Akela",31,"Female",1.14894852825888,-0.433957939214151,0.998697067850574,0,1,-0.5,0.5,1
"130","subj.2","control",5,"test_first",2,"AliKaka",20,"Male",-0.536175979854142,-0.433957939214151,0.998697067850574,0,1,-0.5,0.5,0
"131","subj.3","control",5,"control_first",1,"Nyankuru",29,"Male",0.842562254056509,-0.433957939214151,-0.998697067850574,0,0,-0.5,-0.5,0
"132","subj.4","control",5,"test_first",2,"Roy",12,"Male",-1.76172107666361,-0.433957939214151,0.998697067850574,0,1,-0.5,0.5,0
"133","subj.5","control",5,"control_first",1,"Tess",27,"Female",0.536175979854142,-0.433957939214151,-0.998697067850574,0,0,-0.5,-0.5,0
"134","subj.6","control",5,"test_first",2,"Uruhara",30,"Male",0.995755391157692,-0.433957939214151,0.998697067850574,0,1,-0.5,0.5,1
"135","subj.7","control",5,"control_first",1,"William",19,"Male",-0.689369116955325,-0.433957939214151,-0.998697067850574,0,0,-0.5,-0.5,0
"136","subj.8","control",5,"test_first",2,"Akela",31,"Female",1.14894852825888,-0.433957939214151,0.998697067850574,0,1,-0.5,0.5,0
"137","subj.9","control",5,"control_first",1,"Mary",15,"Female",-1.30214166536006,-0.433957939214151,-0.998697067850574,0,0,-0.5,-0.5,0
"138","subj.10","control",5,"control_first",1,"Amizero",30,"Female",0.995755391157692,-0.433957939214151,-0.998697067850574,0,0,-0.5,-0.5,0
"139","subj.11","control",5,"test_first",2,"Bahati",26,"Female",0.382982842752958,-0.433957939214151,0.998697067850574,0,1,-0.5,0.5,0
"140","subj.12","control",5,"control_first",1,"Chipie",28,"Female",0.689369116955325,-0.433957939214151,-0.998697067850574,0,0,-0.5,-0.5,1
"141","subj.13","control",5,"test_first",2,"Amahirwe",20,"Male",-0.536175979854142,-0.433957939214151,0.998697067850574,0,1,-0.5,0.5,1
"142","subj.14","control",5,"control_first",1,"Dufa",28,"Female",0.689369116955325,-0.433957939214151,-0.998697067850574,0,0,-0.5,-0.5,0
"143","subj.15","control",5,"test_first",2,"Jane",15,"Female",-1.30214166536006,-0.433957939214151,0.998697067850574,0,1,-0.5,0.5,0
"144","subj.16","control",5,"control_first",1,"Joy",15,"Female",-1.30214166536006,-0.433957939214151,-0.998697067850574,0,0,-0.5,-0.5,0
"145","subj.1","test",5,"test_first",1,"Akela",31,"Female",1.14894852825888,-0.433957939214151,-0.998697067850574,1,1,0.5,0.5,0
"146","subj.2","test",5,"test_first",1,"AliKaka",20,"Male",-0.536175979854142,-0.433957939214151,-0.998697067850574,1,1,0.5,0.5,1
"147","subj.3","test",5,"control_first",2,"Nyankuru",29,"Male",0.842562254056509,-0.433957939214151,0.998697067850574,1,0,0.5,-0.5,0
"148","subj.4","test",5,"test_first",1,"Roy",12,"Male",-1.76172107666361,-0.433957939214151,-0.998697067850574,1,1,0.5,0.5,1
"149","subj.5","test",5,"control_first",2,"Tess",27,"Female",0.536175979854142,-0.433957939214151,0.998697067850574,1,0,0.5,-0.5,0
"150","subj.6","test",5,"test_first",1,"Uruhara",30,"Male",0.995755391157692,-0.433957939214151,-0.998697067850574,1,1,0.5,0.5,0
"151","subj.7","test",5,"control_first",2,"William",19,"Male",-0.689369116955325,-0.433957939214151,0.998697067850574,1,0,0.5,-0.5,0
"152","subj.8","test",5,"test_first",1,"Akela",31,"Female",1.14894852825888,-0.433957939214151,-0.998697067850574,1,1,0.5,0.5,1
"153","subj.9","test",5,"control_first",2,"Mary",15,"Female",-1.30214166536006,-0.433957939214151,0.998697067850574,1,0,0.5,-0.5,1
"154","subj.10","test",5,"control_first",2,"Amizero",30,"Female",0.995755391157692,-0.433957939214151,0.998697067850574,1,0,0.5,-0.5,0
"155","subj.11","test",5,"test_first",1,"Bahati",26,"Female",0.382982842752958,-0.433957939214151,-0.998697067850574,1,1,0.5,0.5,0
"156","subj.12","test",5,"control_first",2,"Chipie",28,"Female",0.689369116955325,-0.433957939214151,0.998697067850574,1,0,0.5,-0.5,0
"157","subj.13","test",5,"test_first",1,"Amahirwe",20,"Male",-0.536175979854142,-0.433957939214151,-0.998697067850574,1,1,0.5,0.5,1
"158","subj.14","test",5,"control_first",2,"Dufa",28,"Female",0.689369116955325,-0.433957939214151,0.998697067850574,1,0,0.5,-0.5,0
"159","subj.15","test",5,"test_first",1,"Jane",15,"Female",-1.30214166536006,-0.433957939214151,-0.998697067850574,1,1,0.5,0.5,1
"160","subj.16","test",5,"control_first",2,"Joy",15,"Female",-1.30214166536006,-0.433957939214151,0.998697067850574,1,0,0.5,-0.5,0
"161","subj.1","control",6,"test_first",2,"Akela",31,"Female",1.14894852825888,-0.144652646404717,0.998697067850574,0,1,-0.5,0.5,0
"162","subj.2","control",6,"test_first",2,"AliKaka",20,"Male",-0.536175979854142,-0.144652646404717,0.998697067850574,0,1,-0.5,0.5,0
"163","subj.3","control",6,"control_first",1,"Nyankuru",29,"Male",0.842562254056509,-0.144652646404717,-0.998697067850574,0,0,-0.5,-0.5,0
"164","subj.4","control",6,"test_first",2,"Roy",12,"Male",-1.76172107666361,-0.144652646404717,0.998697067850574,0,1,-0.5,0.5,1
"165","subj.5","control",6,"control_first",1,"Tess",27,"Female",0.536175979854142,-0.144652646404717,-0.998697067850574,0,0,-0.5,-0.5,0
"166","subj.6","control",6,"test_first",2,"Uruhara",30,"Male",0.995755391157692,-0.144652646404717,0.998697067850574,0,1,-0.5,0.5,0
"167","subj.7","control",6,"control_first",1,"William",19,"Male",-0.689369116955325,-0.144652646404717,-0.998697067850574,0,0,-0.5,-0.5,0
"168","subj.8","control",6,"test_first",2,"Akela",31,"Female",1.14894852825888,-0.144652646404717,0.998697067850574,0,1,-0.5,0.5,1
"169","subj.9","control",6,"control_first",1,"Mary",15,"Female",-1.30214166536006,-0.144652646404717,-0.998697067850574,0,0,-0.5,-0.5,1
"170","subj.10","control",6,"control_first",1,"Amizero",30,"Female",0.995755391157692,-0.144652646404717,-0.998697067850574,0,0,-0.5,-0.5,0
"171","subj.11","control",6,"test_first",2,"Bahati",26,"Female",0.382982842752958,-0.144652646404717,0.998697067850574,0,1,-0.5,0.5,0
"172","subj.12","control",6,"control_first",1,"Chipie",28,"Female",0.689369116955325,-0.144652646404717,-0.998697067850574,0,0,-0.5,-0.5,1
"173","subj.13","control",6,"test_first",2,"Amahirwe",20,"Male",-0.536175979854142,-0.144652646404717,0.998697067850574,0,1,-0.5,0.5,0
"174","subj.14","control",6,"control_first",1,"Dufa",28,"Female",0.689369116955325,-0.144652646404717,-0.998697067850574,0,0,-0.5,-0.5,0
"175","subj.15","control",6,"test_first",2,"Jane",15,"Female",-1.30214166536006,-0.144652646404717,0.998697067850574,0,1,-0.5,0.5,0
"176","subj.16","control",6,"control_first",1,"Joy",15,"Female",-1.30214166536006,-0.144652646404717,-0.998697067850574,0,0,-0.5,-0.5,0
"177","subj.1","test",6,"test_first",1,"Akela",31,"Female",1.14894852825888,-0.144652646404717,-0.998697067850574,1,1,0.5,0.5,0
"178","subj.2","test",6,"test_first",1,"AliKaka",20,"Male",-0.536175979854142,-0.144652646404717,-0.998697067850574,1,1,0.5,0.5,1
"179","subj.3","test",6,"control_first",2,"Nyankuru",29,"Male",0.842562254056509,-0.144652646404717,0.998697067850574,1,0,0.5,-0.5,1
"180","subj.4","test",6,"test_first",1,"Roy",12,"Male",-1.76172107666361,-0.144652646404717,-0.998697067850574,1,1,0.5,0.5,1
"181","subj.5","test",6,"control_first",2,"Tess",27,"Female",0.536175979854142,-0.144652646404717,0.998697067850574,1,0,0.5,-0.5,0
"182","subj.6","test",6,"test_first",1,"Uruhara",30,"Male",0.995755391157692,-0.144652646404717,-0.998697067850574,1,1,0.5,0.5,0
"183","subj.7","test",6,"control_first",2,"William",19,"Male",-0.689369116955325,-0.144652646404717,0.998697067850574,1,0,0.5,-0.5,0
"184","subj.8","test",6,"test_first",1,"Akela",31,"Female",1.14894852825888,-0.144652646404717,-0.998697067850574,1,1,0.5,0.5,0
"185","subj.9","test",6,"control_first",2,"Mary",15,"Female",-1.30214166536006,-0.144652646404717,0.998697067850574,1,0,0.5,-0.5,1
"186","subj.10","test",6,"control_first",2,"Amizero",30,"Female",0.995755391157692,-0.144652646404717,0.998697067850574,1,0,0.5,-0.5,1
"187","subj.11","test",6,"test_first",1,"Bahati",26,"Female",0.382982842752958,-0.144652646404717,-0.998697067850574,1,1,0.5,0.5,0
"188","subj.12","test",6,"control_first",2,"Chipie",28,"Female",0.689369116955325,-0.144652646404717,0.998697067850574,1,0,0.5,-0.5,1
"189","subj.13","test",6,"test_first",1,"Amahirwe",20,"Male",-0.536175979854142,-0.144652646404717,-0.998697067850574,1,1,0.5,0.5,1
"190","subj.14","test",6,"control_first",2,"Dufa",28,"Female",0.689369116955325,-0.144652646404717,0.998697067850574,1,0,0.5,-0.5,1
"191","subj.15","test",6,"test_first",1,"Jane",15,"Female",-1.30214166536006,-0.144652646404717,-0.998697067850574,1,1,0.5,0.5,1
"192","subj.16","test",6,"control_first",2,"Joy",15,"Female",-1.30214166536006,-0.144652646404717,0.998697067850574,1,0,0.5,-0.5,0
"193","subj.1","control",7,"test_first",2,"Akela",31,"Female",1.14894852825888,0.144652646404717,0.998697067850574,0,1,-0.5,0.5,0
"194","subj.2","control",7,"test_first",2,"AliKaka",20,"Male",-0.536175979854142,0.144652646404717,0.998697067850574,0,1,-0.5,0.5,0
"195","subj.3","control",7,"control_first",1,"Nyankuru",29,"Male",0.842562254056509,0.144652646404717,-0.998697067850574,0,0,-0.5,-0.5,0
"196","subj.4","control",7,"test_first",2,"Roy",12,"Male",-1.76172107666361,0.144652646404717,0.998697067850574,0,1,-0.5,0.5,0
"197","subj.5","control",7,"control_first",1,"Tess",27,"Female",0.536175979854142,0.144652646404717,-0.998697067850574,0,0,-0.5,-0.5,1
"198","subj.6","control",7,"test_first",2,"Uruhara",30,"Male",0.995755391157692,0.144652646404717,0.998697067850574,0,1,-0.5,0.5,0
"199","subj.7","control",7,"control_first",1,"William",19,"Male",-0.689369116955325,0.144652646404717,-0.998697067850574,0,0,-0.5,-0.5,0
"200","subj.8","control",7,"test_first",2,"Akela",31,"Female",1.14894852825888,0.144652646404717,0.998697067850574,0,1,-0.5,0.5,1
"201","subj.9","control",7,"control_first",1,"Mary",15,"Female",-1.30214166536006,0.144652646404717,-0.998697067850574,0,0,-0.5,-0.5,0
"202","subj.10","control",7,"control_first",1,"Amizero",30,"Female",0.995755391157692,0.144652646404717,-0.998697067850574,0,0,-0.5,-0.5,0
"203","subj.11","control",7,"test_first",2,"Bahati",26,"Female",0.382982842752958,0.144652646404717,0.998697067850574,0,1,-0.5,0.5,0
"204","subj.12","control",7,"control_first",1,"Chipie",28,"Female",0.689369116955325,0.144652646404717,-0.998697067850574,0,0,-0.5,-0.5,1
"205","subj.13","control",7,"test_first",2,"Amahirwe",20,"Male",-0.536175979854142,0.144652646404717,0.998697067850574,0,1,-0.5,0.5,1
"206","subj.14","control",7,"control_first",1,"Dufa",28,"Female",0.689369116955325,0.144652646404717,-0.998697067850574,0,0,-0.5,-0.5,0
"207","subj.15","control",7,"test_first",2,"Jane",15,"Female",-1.30214166536006,0.144652646404717,0.998697067850574,0,1,-0.5,0.5,0
"208","subj.16","control",7,"control_first",1,"Joy",15,"Female",-1.30214166536006,0.144652646404717,-0.998697067850574,0,0,-0.5,-0.5,0
"209","subj.1","test",7,"test_first",1,"Akela",31,"Female",1.14894852825888,0.144652646404717,-0.998697067850574,1,1,0.5,0.5,0
"210","subj.2","test",7,"test_first",1,"AliKaka",20,"Male",-0.536175979854142,0.144652646404717,-0.998697067850574,1,1,0.5,0.5,0
"211","subj.3","test",7,"control_first",2,"Nyankuru",29,"Male",0.842562254056509,0.144652646404717,0.998697067850574,1,0,0.5,-0.5,1
"212","subj.4","test",7,"test_first",1,"Roy",12,"Male",-1.76172107666361,0.144652646404717,-0.998697067850574,1,1,0.5,0.5,0
"213","subj.5","test",7,"control_first",2,"Tess",27,"Female",0.536175979854142,0.144652646404717,0.998697067850574,1,0,0.5,-0.5,0
"214","subj.6","test",7,"test_first",1,"Uruhara",30,"Male",0.995755391157692,0.144652646404717,-0.998697067850574,1,1,0.5,0.5,0
"215","subj.7","test",7,"control_first",2,"William",19,"Male",-0.689369116955325,0.144652646404717,0.998697067850574,1,0,0.5,-0.5,0
"216","subj.8","test",7,"test_first",1,"Akela",31,"Female",1.14894852825888,0.144652646404717,-0.998697067850574,1,1,0.5,0.5,1
"217","subj.9","test",7,"control_first",2,"Mary",15,"Female",-1.30214166536006,0.144652646404717,0.998697067850574,1,0,0.5,-0.5,0
"218","subj.10","test",7,"control_first",2,"Amizero",30,"Female",0.995755391157692,0.144652646404717,0.998697067850574,1,0,0.5,-0.5,0
"219","subj.11","test",7,"test_first",1,"Bahati",26,"Female",0.382982842752958,0.144652646404717,-0.998697067850574,1,1,0.5,0.5,1
"220","subj.12","test",7,"control_first",2,"Chipie",28,"Female",0.689369116955325,0.144652646404717,0.998697067850574,1,0,0.5,-0.5,1
"221","subj.13","test",7,"test_first",1,"Amahirwe",20,"Male",-0.536175979854142,0.144652646404717,-0.998697067850574,1,1,0.5,0.5,1
"222","subj.14","test",7,"control_first",2,"Dufa",28,"Female",0.689369116955325,0.144652646404717,0.998697067850574,1,0,0.5,-0.5,1
"223","subj.15","test",7,"test_first",1,"Jane",15,"Female",-1.30214166536006,0.144652646404717,-0.998697067850574,1,1,0.5,0.5,0
"224","subj.16","test",7,"control_first",2,"Joy",15,"Female",-1.30214166536006,0.144652646404717,0.998697067850574,1,0,0.5,-0.5,1
"225","subj.1","control",8,"test_first",2,"Akela",31,"Female",1.14894852825888,0.433957939214151,0.998697067850574,0,1,-0.5,0.5,0
"226","subj.2","control",8,"test_first",2,"AliKaka",20,"Male",-0.536175979854142,0.433957939214151,0.998697067850574,0,1,-0.5,0.5,0
"227","subj.3","control",8,"control_first",1,"Nyankuru",29,"Male",0.842562254056509,0.433957939214151,-0.998697067850574,0,0,-0.5,-0.5,0
"228","subj.4","control",8,"test_first",2,"Roy",12,"Male",-1.76172107666361,0.433957939214151,0.998697067850574,0,1,-0.5,0.5,1
"229","subj.5","control",8,"control_first",1,"Tess",27,"Female",0.536175979854142,0.433957939214151,-0.998697067850574,0,0,-0.5,-0.5,1
"230","subj.6","control",8,"test_first",2,"Uruhara",30,"Male",0.995755391157692,0.433957939214151,0.998697067850574,0,1,-0.5,0.5,1
"231","subj.7","control",8,"control_first",1,"William",19,"Male",-0.689369116955325,0.433957939214151,-0.998697067850574,0,0,-0.5,-0.5,0
"232","subj.8","control",8,"test_first",2,"Akela",31,"Female",1.14894852825888,0.433957939214151,0.998697067850574,0,1,-0.5,0.5,1
"233","subj.9","control",8,"control_first",1,"Mary",15,"Female",-1.30214166536006,0.433957939214151,-0.998697067850574,0,0,-0.5,-0.5,0
"234","subj.10","control",8,"control_first",1,"Amizero",30,"Female",0.995755391157692,0.433957939214151,-0.998697067850574,0,0,-0.5,-0.5,1
"235","subj.11","control",8,"test_first",2,"Bahati",26,"Female",0.382982842752958,0.433957939214151,0.998697067850574,0,1,-0.5,0.5,1
"236","subj.12","control",8,"control_first",1,"Chipie",28,"Female",0.689369116955325,0.433957939214151,-0.998697067850574,0,0,-0.5,-0.5,0
"237","subj.13","control",8,"test_first",2,"Amahirwe",20,"Male",-0.536175979854142,0.433957939214151,0.998697067850574,0,1,-0.5,0.5,0
"238","subj.14","control",8,"control_first",1,"Dufa",28,"Female",0.689369116955325,0.433957939214151,-0.998697067850574,0,0,-0.5,-0.5,1
"239","subj.15","control",8,"test_first",2,"Jane",15,"Female",-1.30214166536006,0.433957939214151,0.998697067850574,0,1,-0.5,0.5,0
"240","subj.16","control",8,"control_first",1,"Joy",15,"Female",-1.30214166536006,0.433957939214151,-0.998697067850574,0,0,-0.5,-0.5,0
"241","subj.1","test",8,"test_first",1,"Akela",31,"Female",1.14894852825888,0.433957939214151,-0.998697067850574,1,1,0.5,0.5,0
"242","subj.2","test",8,"test_first",1,"AliKaka",20,"Male",-0.536175979854142,0.433957939214151,-0.998697067850574,1,1,0.5,0.5,1
"243","subj.3","test",8,"control_first",2,"Nyankuru",29,"Male",0.842562254056509,0.433957939214151,0.998697067850574,1,0,0.5,-0.5,0
"244","subj.4","test",8,"test_first",1,"Roy",12,"Male",-1.76172107666361,0.433957939214151,-0.998697067850574,1,1,0.5,0.5,0
"245","subj.5","test",8,"control_first",2,"Tess",27,"Female",0.536175979854142,0.433957939214151,0.998697067850574,1,0,0.5,-0.5,1
"246","subj.6","test",8,"test_first",1,"Uruhara",30,"Male",0.995755391157692,0.433957939214151,-0.998697067850574,1,1,0.5,0.5,0
"247","subj.7","test",8,"control_first",2,"William",19,"Male",-0.689369116955325,0.433957939214151,0.998697067850574,1,0,0.5,-0.5,0
"248","subj.8","test",8,"test_first",1,"Akela",31,"Female",1.14894852825888,0.433957939214151,-0.998697067850574,1,1,0.5,0.5,1
"249","subj.9","test",8,"control_first",2,"Mary",15,"Female",-1.30214166536006,0.433957939214151,0.998697067850574,1,0,0.5,-0.5,0
"250","subj.10","test",8,"control_first",2,"Amizero",30,"Female",0.995755391157692,0.433957939214151,0.998697067850574,1,0,0.5,-0.5,1
"251","subj.11","test",8,"test_first",1,"Bahati",26,"Female",0.382982842752958,0.433957939214151,-0.998697067850574,1,1,0.5,0.5,1
"252","subj.12","test",8,"control_first",2,"Chipie",28,"Female",0.689369116955325,0.433957939214151,0.998697067850574,1,0,0.5,-0.5,1
"253","subj.13","test",8,"test_first",1,"Amahirwe",20,"Male",-0.536175979854142,0.433957939214151,-0.998697067850574,1,1,0.5,0.5,1
"254","subj.14","test",8,"control_first",2,"Dufa",28,"Female",0.689369116955325,0.433957939214151,0.998697067850574,1,0,0.5,-0.5,0
"255","subj.15","test",8,"test_first",1,"Jane",15,"Female",-1.30214166536006,0.433957939214151,-0.998697067850574,1,1,0.5,0.5,1
"256","subj.16","test",8,"control_first",2,"Joy",15,"Female",-1.30214166536006,0.433957939214151,0.998697067850574,1,0,0.5,-0.5,0
"257","subj.1","control",9,"test_first",2,"Akela",31,"Female",1.14894852825888,0.723263232023585,0.998697067850574,0,1,-0.5,0.5,1
"258","subj.2","control",9,"test_first",2,"AliKaka",20,"Male",-0.536175979854142,0.723263232023585,0.998697067850574,0,1,-0.5,0.5,0
"259","subj.3","control",9,"control_first",1,"Nyankuru",29,"Male",0.842562254056509,0.723263232023585,-0.998697067850574,0,0,-0.5,-0.5,1
"260","subj.4","control",9,"test_first",2,"Roy",12,"Male",-1.76172107666361,0.723263232023585,0.998697067850574,0,1,-0.5,0.5,0
"261","subj.5","control",9,"control_first",1,"Tess",27,"Female",0.536175979854142,0.723263232023585,-0.998697067850574,0,0,-0.5,-0.5,1
"262","subj.6","control",9,"test_first",2,"Uruhara",30,"Male",0.995755391157692,0.723263232023585,0.998697067850574,0,1,-0.5,0.5,0
"263","subj.7","control",9,"control_first",1,"William",19,"Male",-0.689369116955325,0.723263232023585,-0.998697067850574,0,0,-0.5,-0.5,1
"264","subj.8","control",9,"test_first",2,"Akela",31,"Female",1.14894852825888,0.723263232023585,0.998697067850574,0,1,-0.5,0.5,0
"265","subj.9","control",9,"control_first",1,"Mary",15,"Female",-1.30214166536006,0.723263232023585,-0.998697067850574,0,0,-0.5,-0.5,0
"266","subj.10","control",9,"control_first",1,"Amizero",30,"Female",0.995755391157692,0.723263232023585,-0.998697067850574,0,0,-0.5,-0.5,0
"267","subj.11","control",9,"test_first",2,"Bahati",26,"Female",0.382982842752958,0.723263232023585,0.998697067850574,0,1,-0.5,0.5,1
"268","subj.12","control",9,"control_first",1,"Chipie",28,"Female",0.689369116955325,0.723263232023585,-0.998697067850574,0,0,-0.5,-0.5,0
"269","subj.13","control",9,"test_first",2,"Amahirwe",20,"Male",-0.536175979854142,0.723263232023585,0.998697067850574,0,1,-0.5,0.5,0
"270","subj.14","control",9,"control_first",1,"Dufa",28,"Female",0.689369116955325,0.723263232023585,-0.998697067850574,0,0,-0.5,-0.5,1
"271","subj.15","control",9,"test_first",2,"Jane",15,"Female",-1.30214166536006,0.723263232023585,0.998697067850574,0,1,-0.5,0.5,0
"272","subj.16","control",9,"control_first",1,"Joy",15,"Female",-1.30214166536006,0.723263232023585,-0.998697067850574,0,0,-0.5,-0.5,1
"273","subj.1","test",9,"test_first",1,"Akela",31,"Female",1.14894852825888,0.723263232023585,-0.998697067850574,1,1,0.5,0.5,0
"274","subj.2","test",9,"test_first",1,"AliKaka",20,"Male",-0.536175979854142,0.723263232023585,-0.998697067850574,1,1,0.5,0.5,1
"275","subj.3","test",9,"control_first",2,"Nyankuru",29,"Male",0.842562254056509,0.723263232023585,0.998697067850574,1,0,0.5,-0.5,1
"276","subj.4","test",9,"test_first",1,"Roy",12,"Male",-1.76172107666361,0.723263232023585,-0.998697067850574,1,1,0.5,0.5,1
"277","subj.5","test",9,"control_first",2,"Tess",27,"Female",0.536175979854142,0.723263232023585,0.998697067850574,1,0,0.5,-0.5,1
"278","subj.6","test",9,"test_first",1,"Uruhara",30,"Male",0.995755391157692,0.723263232023585,-0.998697067850574,1,1,0.5,0.5,0
"279","subj.7","test",9,"control_first",2,"William",19,"Male",-0.689369116955325,0.723263232023585,0.998697067850574,1,0,0.5,-0.5,0
"280","subj.8","test",9,"test_first",1,"Akela",31,"Female",1.14894852825888,0.723263232023585,-0.998697067850574,1,1,0.5,0.5,1
"281","subj.9","test",9,"control_first",2,"Mary",15,"Female",-1.30214166536006,0.723263232023585,0.998697067850574,1,0,0.5,-0.5,1
"282","subj.10","test",9,"control_first",2,"Amizero",30,"Female",0.995755391157692,0.723263232023585,0.998697067850574,1,0,0.5,-0.5,0
"283","subj.11","test",9,"test_first",1,"Bahati",26,"Female",0.382982842752958,0.723263232023585,-0.998697067850574,1,1,0.5,0.5,1
"284","subj.12","test",9,"control_first",2,"Chipie",28,"Female",0.689369116955325,0.723263232023585,0.998697067850574,1,0,0.5,-0.5,1
"285","subj.13","test",9,"test_first",1,"Amahirwe",20,"Male",-0.536175979854142,0.723263232023585,-0.998697067850574,1,1,0.5,0.5,1
"286","subj.14","test",9,"control_first",2,"Dufa",28,"Female",0.689369116955325,0.723263232023585,0.998697067850574,1,0,0.5,-0.5,1
"287","subj.15","test",9,"test_first",1,"Jane",15,"Female",-1.30214166536006,0.723263232023585,-0.998697067850574,1,1,0.5,0.5,0
"288","subj.16","test",9,"control_first",2,"Joy",15,"Female",-1.30214166536006,0.723263232023585,0.998697067850574,1,0,0.5,-0.5,1
"289","subj.1","control",10,"test_first",2,"Akela",31,"Female",1.14894852825888,1.01256852483302,0.998697067850574,0,1,-0.5,0.5,0
"290","subj.2","control",10,"test_first",2,"AliKaka",20,"Male",-0.536175979854142,1.01256852483302,0.998697067850574,0,1,-0.5,0.5,0
"291","subj.3","control",10,"control_first",1,"Nyankuru",29,"Male",0.842562254056509,1.01256852483302,-0.998697067850574,0,0,-0.5,-0.5,1
"292","subj.4","control",10,"test_first",2,"Roy",12,"Male",-1.76172107666361,1.01256852483302,0.998697067850574,0,1,-0.5,0.5,1
"293","subj.5","control",10,"control_first",1,"Tess",27,"Female",0.536175979854142,1.01256852483302,-0.998697067850574,0,0,-0.5,-0.5,0
"294","subj.6","control",10,"test_first",2,"Uruhara",30,"Male",0.995755391157692,1.01256852483302,0.998697067850574,0,1,-0.5,0.5,1
"295","subj.7","control",10,"control_first",1,"William",19,"Male",-0.689369116955325,1.01256852483302,-0.998697067850574,0,0,-0.5,-0.5,0
"296","subj.8","control",10,"test_first",2,"Akela",31,"Female",1.14894852825888,1.01256852483302,0.998697067850574,0,1,-0.5,0.5,0
"297","subj.9","control",10,"control_first",1,"Mary",15,"Female",-1.30214166536006,1.01256852483302,-0.998697067850574,0,0,-0.5,-0.5,1
"298","subj.10","control",10,"control_first",1,"Amizero",30,"Female",0.995755391157692,1.01256852483302,-0.998697067850574,0,0,-0.5,-0.5,0
"299","subj.11","control",10,"test_first",2,"Bahati",26,"Female",0.382982842752958,1.01256852483302,0.998697067850574,0,1,-0.5,0.5,0
"300","subj.12","control",10,"control_first",1,"Chipie",28,"Female",0.689369116955325,1.01256852483302,-0.998697067850574,0,0,-0.5,-0.5,0
"301","subj.13","control",10,"test_first",2,"Amahirwe",20,"Male",-0.536175979854142,1.01256852483302,0.998697067850574,0,1,-0.5,0.5,1
"302","subj.14","control",10,"control_first",1,"Dufa",28,"Female",0.689369116955325,1.01256852483302,-0.998697067850574,0,0,-0.5,-0.5,0
"303","subj.15","control",10,"test_first",2,"Jane",15,"Female",-1.30214166536006,1.01256852483302,0.998697067850574,0,1,-0.5,0.5,0
"304","subj.16","control",10,"control_first",1,"Joy",15,"Female",-1.30214166536006,1.01256852483302,-0.998697067850574,0,0,-0.5,-0.5,0
"305","subj.1","test",10,"test_first",1,"Akela",31,"Female",1.14894852825888,1.01256852483302,-0.998697067850574,1,1,0.5,0.5,0
"306","subj.2","test",10,"test_first",1,"AliKaka",20,"Male",-0.536175979854142,1.01256852483302,-0.998697067850574,1,1,0.5,0.5,1
"307","subj.3","test",10,"control_first",2,"Nyankuru",29,"Male",0.842562254056509,1.01256852483302,0.998697067850574,1,0,0.5,-0.5,0
"308","subj.4","test",10,"test_first",1,"Roy",12,"Male",-1.76172107666361,1.01256852483302,-0.998697067850574,1,1,0.5,0.5,0
"309","subj.5","test",10,"control_first",2,"Tess",27,"Female",0.536175979854142,1.01256852483302,0.998697067850574,1,0,0.5,-0.5,1
"310","subj.6","test",10,"test_first",1,"Uruhara",30,"Male",0.995755391157692,1.01256852483302,-0.998697067850574,1,1,0.5,0.5,1
"311","subj.7","test",10,"control_first",2,"William",19,"Male",-0.689369116955325,1.01256852483302,0.998697067850574,1,0,0.5,-0.5,0
"312","subj.8","test",10,"test_first",1,"Akela",31,"Female",1.14894852825888,1.01256852483302,-0.998697067850574,1,1,0.5,0.5,0
"313","subj.9","test",10,"control_first",2,"Mary",15,"Female",-1.30214166536006,1.01256852483302,0.998697067850574,1,0,0.5,-0.5,1
"314","subj.10","test",10,"control_first",2,"Amizero",30,"Female",0.995755391157692,1.01256852483302,0.998697067850574,1,0,0.5,-0.5,0
"315","subj.11","test",10,"test_first",1,"Bahati",26,"Female",0.382982842752958,1.01256852483302,-0.998697067850574,1,1,0.5,0.5,0
"316","subj.12","test",10,"control_first",2,"Chipie",28,"Female",0.689369116955325,1.01256852483302,0.998697067850574,1,0,0.5,-0.5,1
"317","subj.13","test",10,"test_first",1,"Amahirwe",20,"Male",-0.536175979854142,1.01256852483302,-0.998697067850574,1,1,0.5,0.5,0
"318","subj.14","test",10,"control_first",2,"Dufa",28,"Female",0.689369116955325,1.01256852483302,0.998697067850574,1,0,0.5,-0.5,0
"319","subj.15","test",10,"test_first",1,"Jane",15,"Female",-1.30214166536006,1.01256852483302,-0.998697067850574,1,1,0.5,0.5,0
"320","subj.16","test",10,"control_first",2,"Joy",15,"Female",-1.30214166536006,1.01256852483302,0.998697067850574,1,0,0.5,-0.5,0
"321","subj.1","control",11,"test_first",2,"Akela",31,"Female",1.14894852825888,1.30187381764245,0.998697067850574,0,1,-0.5,0.5,0
"322","subj.2","control",11,"test_first",2,"AliKaka",20,"Male",-0.536175979854142,1.30187381764245,0.998697067850574,0,1,-0.5,0.5,0
"323","subj.3","control",11,"control_first",1,"Nyankuru",29,"Male",0.842562254056509,1.30187381764245,-0.998697067850574,0,0,-0.5,-0.5,0
"324","subj.4","control",11,"test_first",2,"Roy",12,"Male",-1.76172107666361,1.30187381764245,0.998697067850574,0,1,-0.5,0.5,1
"325","subj.5","control",11,"control_first",1,"Tess",27,"Female",0.536175979854142,1.30187381764245,-0.998697067850574,0,0,-0.5,-0.5,0
"326","subj.6","control",11,"test_first",2,"Uruhara",30,"Male",0.995755391157692,1.30187381764245,0.998697067850574,0,1,-0.5,0.5,0
"327","subj.7","control",11,"control_first",1,"William",19,"Male",-0.689369116955325,1.30187381764245,-0.998697067850574,0,0,-0.5,-0.5,0
"328","subj.8","control",11,"test_first",2,"Akela",31,"Female",1.14894852825888,1.30187381764245,0.998697067850574,0,1,-0.5,0.5,0
"329","subj.9","control",11,"control_first",1,"Mary",15,"Female",-1.30214166536006,1.30187381764245,-0.998697067850574,0,0,-0.5,-0.5,0
"330","subj.10","control",11,"control_first",1,"Amizero",30,"Female",0.995755391157692,1.30187381764245,-0.998697067850574,0,0,-0.5,-0.5,0
"331","subj.11","control",11,"test_first",2,"Bahati",26,"Female",0.382982842752958,1.30187381764245,0.998697067850574,0,1,-0.5,0.5,0
"332","subj.12","control",11,"control_first",1,"Chipie",28,"Female",0.689369116955325,1.30187381764245,-0.998697067850574,0,0,-0.5,-0.5,1
"333","subj.13","control",11,"test_first",2,"Amahirwe",20,"Male",-0.536175979854142,1.30187381764245,0.998697067850574,0,1,-0.5,0.5,1
"334","subj.14","control",11,"control_first",1,"Dufa",28,"Female",0.689369116955325,1.30187381764245,-0.998697067850574,0,0,-0.5,-0.5,1
"335","subj.15","control",11,"test_first",2,"Jane",15,"Female",-1.30214166536006,1.30187381764245,0.998697067850574,0,1,-0.5,0.5,1
"336","subj.16","control",11,"control_first",1,"Joy",15,"Female",-1.30214166536006,1.30187381764245,-0.998697067850574,0,0,-0.5,-0.5,0
"337","subj.1","test",11,"test_first",1,"Akela",31,"Female",1.14894852825888,1.30187381764245,-0.998697067850574,1,1,0.5,0.5,1
"338","subj.2","test",11,"test_first",1,"AliKaka",20,"Male",-0.536175979854142,1.30187381764245,-0.998697067850574,1,1,0.5,0.5,1
"339","subj.3","test",11,"control_first",2,"Nyankuru",29,"Male",0.842562254056509,1.30187381764245,0.998697067850574,1,0,0.5,-0.5,1
"340","subj.4","test",11,"test_first",1,"Roy",12,"Male",-1.76172107666361,1.30187381764245,-0.998697067850574,1,1,0.5,0.5,0
"341","subj.5","test",11,"control_first",2,"Tess",27,"Female",0.536175979854142,1.30187381764245,0.998697067850574,1,0,0.5,-0.5,1
"342","subj.6","test",11,"test_first",1,"Uruhara",30,"Male",0.995755391157692,1.30187381764245,-0.998697067850574,1,1,0.5,0.5,0
"343","subj.7","test",11,"control_first",2,"William",19,"Male",-0.689369116955325,1.30187381764245,0.998697067850574,1,0,0.5,-0.5,0
"344","subj.8","test",11,"test_first",1,"Akela",31,"Female",1.14894852825888,1.30187381764245,-0.998697067850574,1,1,0.5,0.5,0
"345","subj.9","test",11,"control_first",2,"Mary",15,"Female",-1.30214166536006,1.30187381764245,0.998697067850574,1,0,0.5,-0.5,1
"346","subj.10","test",11,"control_first",2,"Amizero",30,"Female",0.995755391157692,1.30187381764245,0.998697067850574,1,0,0.5,-0.5,1
"347","subj.11","test",11,"test_first",1,"Bahati",26,"Female",0.382982842752958,1.30187381764245,-0.998697067850574,1,1,0.5,0.5,1
"348","subj.12","test",11,"control_first",2,"Chipie",28,"Female",0.689369116955325,1.30187381764245,0.998697067850574,1,0,0.5,-0.5,1
"349","subj.13","test",11,"test_first",1,"Amahirwe",20,"Male",-0.536175979854142,1.30187381764245,-0.998697067850574,1,1,0.5,0.5,1
"350","subj.14","test",11,"control_first",2,"Dufa",28,"Female",0.689369116955325,1.30187381764245,0.998697067850574,1,0,0.5,-0.5,1
"351","subj.15","test",11,"test_first",1,"Jane",15,"Female",-1.30214166536006,1.30187381764245,-0.998697067850574,1,1,0.5,0.5,1
"352","subj.16","test",11,"control_first",2,"Joy",15,"Female",-1.30214166536006,1.30187381764245,0.998697067850574,1,0,0.5,-0.5,1
"353","subj.1","control",12,"test_first",2,"Akela",31,"Female",1.14894852825888,1.59117911045189,0.998697067850574,0,1,-0.5,0.5,0
"354","subj.2","control",12,"test_first",2,"AliKaka",20,"Male",-0.536175979854142,1.59117911045189,0.998697067850574,0,1,-0.5,0.5,0
"355","subj.3","control",12,"control_first",1,"Nyankuru",29,"Male",0.842562254056509,1.59117911045189,-0.998697067850574,0,0,-0.5,-0.5,1
"356","subj.4","control",12,"test_first",2,"Roy",12,"Male",-1.76172107666361,1.59117911045189,0.998697067850574,0,1,-0.5,0.5,0
"357","subj.5","control",12,"control_first",1,"Tess",27,"Female",0.536175979854142,1.59117911045189,-0.998697067850574,0,0,-0.5,-0.5,0
"358","subj.6","control",12,"test_first",2,"Uruhara",30,"Male",0.995755391157692,1.59117911045189,0.998697067850574,0,1,-0.5,0.5,0
"359","subj.7","control",12,"control_first",1,"William",19,"Male",-0.689369116955325,1.59117911045189,-0.998697067850574,0,0,-0.5,-0.5,0
"360","subj.8","control",12,"test_first",2,"Akela",31,"Female",1.14894852825888,1.59117911045189,0.998697067850574,0,1,-0.5,0.5,1
"361","subj.9","control",12,"control_first",1,"Mary",15,"Female",-1.30214166536006,1.59117911045189,-0.998697067850574,0,0,-0.5,-0.5,0
"362","subj.10","control",12,"control_first",1,"Amizero",30,"Female",0.995755391157692,1.59117911045189,-0.998697067850574,0,0,-0.5,-0.5,1
"363","subj.11","control",12,"test_first",2,"Bahati",26,"Female",0.382982842752958,1.59117911045189,0.998697067850574,0,1,-0.5,0.5,0
"364","subj.12","control",12,"control_first",1,"Chipie",28,"Female",0.689369116955325,1.59117911045189,-0.998697067850574,0,0,-0.5,-0.5,0
"365","subj.13","control",12,"test_first",2,"Amahirwe",20,"Male",-0.536175979854142,1.59117911045189,0.998697067850574,0,1,-0.5,0.5,0
"366","subj.14","control",12,"control_first",1,"Dufa",28,"Female",0.689369116955325,1.59117911045189,-0.998697067850574,0,0,-0.5,-0.5,0
"367","subj.15","control",12,"test_first",2,"Jane",15,"Female",-1.30214166536006,1.59117911045189,0.998697067850574,0,1,-0.5,0.5,0
"368","subj.16","control",12,"control_first",1,"Joy",15,"Female",-1.30214166536006,1.59117911045189,-0.998697067850574,0,0,-0.5,-0.5,0
"369","subj.1","test",12,"test_first",1,"Akela",31,"Female",1.14894852825888,1.59117911045189,-0.998697067850574,1,1,0.5,0.5,1
"370","subj.2","test",12,"test_first",1,"AliKaka",20,"Male",-0.536175979854142,1.59117911045189,-0.998697067850574,1,1,0.5,0.5,0
"371","subj.3","test",12,"control_first",2,"Nyankuru",29,"Male",0.842562254056509,1.59117911045189,0.998697067850574,1,0,0.5,-0.5,0
"372","subj.4","test",12,"test_first",1,"Roy",12,"Male",-1.76172107666361,1.59117911045189,-0.998697067850574,1,1,0.5,0.5,1
"373","subj.5","test",12,"control_first",2,"Tess",27,"Female",0.536175979854142,1.59117911045189,0.998697067850574,1,0,0.5,-0.5,0
"374","subj.6","test",12,"test_first",1,"Uruhara",30,"Male",0.995755391157692,1.59117911045189,-0.998697067850574,1,1,0.5,0.5,1
"375","subj.7","test",12,"control_first",2,"William",19,"Male",-0.689369116955325,1.59117911045189,0.998697067850574,1,0,0.5,-0.5,0
"376","subj.8","test",12,"test_first",1,"Akela",31,"Female",1.14894852825888,1.59117911045189,-0.998697067850574,1,1,0.5,0.5,0
"377","subj.9","test",12,"control_first",2,"Mary",15,"Female",-1.30214166536006,1.59117911045189,0.998697067850574,1,0,0.5,-0.5,0
"378","subj.10","test",12,"control_first",2,"Amizero",30,"Female",0.995755391157692,1.59117911045189,0.998697067850574,1,0,0.5,-0.5,1
"379","subj.11","test",12,"test_first",1,"Bahati",26,"Female",0.382982842752958,1.59117911045189,-0.998697067850574,1,1,0.5,0.5,1
"380","subj.12","test",12,"control_first",2,"Chipie",28,"Female",0.689369116955325,1.59117911045189,0.998697067850574,1,0,0.5,-0.5,1
"381","subj.13","test",12,"test_first",1,"Amahirwe",20,"Male",-0.536175979854142,1.59117911045189,-0.998697067850574,1,1,0.5,0.5,0
"382","subj.14","test",12,"control_first",2,"Dufa",28,"Female",0.689369116955325,1.59117911045189,0.998697067850574,1,0,0.5,-0.5,1
"383","subj.15","test",12,"test_first",1,"Jane",15,"Female",-1.30214166536006,1.59117911045189,-0.998697067850574,1,1,0.5,0.5,1
"384","subj.16","test",12,"control_first",2,"Joy",15,"Female",-1.30214166536006,1.59117911045189,0.998697067850574,1,0,0.5,-0.5,1
